Frame,TimeMs
0,15.94778
1,16.19661
3,14.23462
7,15.71123
8,15.65798
18,14.6135
19,15.98157
20,0.0256
22,14.64525
23,14.41792
